hour_of_day,total_transactions,fraud_count,fraud_rate_pct
0.0,7695,6,0.078
1.0,4220,10,0.237
2.0,3328,57,1.7127
3.0,3492,17,0.4868
4.0,2209,23,1.0412
5.0,2990,11,0.3679
6.0,4101,9,0.2195
7.0,7243,23,0.3175
8.0,10276,9,0.0876
9.0,15838,16,0.101
10.0,16598,8,0.0482
11.0,16856,53,0.3144
12.0,15420,17,0.1102
13.0,15365,17,0.1106
14.0,16570,23,0.1388
15.0,16461,26,0.1579
16.0,16453,22,0.1337
17.0,16166,29,0.1794
18.0,17039,33,0.1937
19.0,15649,19,0.1214
20.0,16756,18,0.1074
21.0,17703,16,0.0904
22.0,15441,9,0.0583
23.0,10938,21,0.192
