threshold,precision,recall,f1
0.05,0.6846153846153846,0.9081632653061225,0.7807017543859649
0.1,0.7876106194690266,0.9081632653061225,0.8436018957345972
0.15,0.8365384615384616,0.8877551020408163,0.8613861386138614
0.2,0.8787878787878788,0.8877551020408163,0.883248730964467
0.25,0.8787878787878788,0.8877551020408163,0.883248730964467
0.3,0.8787878787878788,0.8877551020408163,0.883248730964467
0.35,0.8787878787878788,0.8877551020408163,0.883248730964467
0.4,0.8969072164948454,0.8877551020408163,0.8923076923076924
0.45,0.8969072164948454,0.8877551020408163,0.8923076923076924
0.5,0.90625,0.8877551020408163,0.8969072164948454
0.55,0.90625,0.8877551020408163,0.8969072164948454
0.6,0.90625,0.8877551020408163,0.8969072164948454
0.65,0.90625,0.8877551020408163,0.8969072164948454
0.7,0.9148936170212766,0.8775510204081632,0.8958333333333334
0.75,0.9120879120879121,0.8469387755102041,0.8783068783068783
0.8,0.9204545454545454,0.826530612244898,0.8709677419354839
0.85,0.9195402298850575,0.8163265306122449,0.8648648648648649
0.9,0.9195402298850575,0.8163265306122449,0.8648648648648649
0.95,0.9302325581395349,0.8163265306122449,0.8695652173913043
